"Perioden","Index","Componenten"
2018-01-01,100,"Bouwkosten totaal"
2018-01-01,100,"Concrete reinforcing bars (steel)"
2018-01-01,100,"Construction steel"
2018-01-01,100,"Diesel"
2018-01-01,100,"Energie"
2018-01-01,100,"Giet_beton"
2018-01-01,99.4328922495274,"Looncomponent"
2018-01-01,100.570342205323,"Materiaalcomponent"
2018-01-01,100,"Pre-cast concrete products"
2018-01-01,100,"Ready-mixed concrete **"
2018-01-01,100,"Reinforcing steel"
2018-01-01,100,"Reinforcing steel bars"
2018-01-01,100,"Reinforcing steel nets"
2018-02-01,100.380228136882,"Bouwkosten totaal"
2018-02-01,104.241913922117,"Concrete reinforcing bars (steel)"
2018-02-01,99.3836671802774,"Construction steel"
2018-02-01,100.233826968044,"Diesel"
2018-02-01,100.038509675556,"Energie"
2018-02-01,100,"Giet_beton"
2018-02-01,99.7156398104265,"Looncomponent"
2018-02-01,100.189035916824,"Materiaalcomponent"
2018-02-01,103.771827306476,"Pre-cast concrete products"
2018-02-01,94.2788532222495,"Ready-mixed concrete **"
2018-02-01,99.611646418098,"Reinforcing steel"
2018-02-01,99.6111436950147,"Reinforcing steel bars"
2018-02-01,99.6121491411814,"Reinforcing steel nets"
2018-03-01,99.5274102079395,"Bouwkosten totaal"
2018-03-01,102.4009757585,"Concrete reinforcing bars (steel)"
2018-03-01,99.8459167950693,"Construction steel"
2018-03-01,98.3632112236945,"Diesel"
2018-03-01,100.086646770001,"Energie"
2018-03-01,100,"Giet_beton"
2018-03-01,100,"Looncomponent"
2018-03-01,100,"Materiaalcomponent"
2018-03-01,105.454411926707,"Pre-cast concrete products"
2018-03-01,97.640117267981,"Ready-mixed concrete **"
2018-03-01,99.741935483871,"Reinforcing steel"
2018-03-01,99.8451612903226,"Reinforcing steel bars"
2018-03-01,99.6387096774193,"Reinforcing steel nets"
2018-04-01,100.094786729858,"Bouwkosten totaal"
2018-04-01,106.156119362209,"Concrete reinforcing bars (steel)"
2018-04-01,98.613251155624,"Construction steel"
2018-04-01,100.389711613406,"Diesel"
2018-04-01,99.6726677577741,"Energie"
2018-04-01,100,"Giet_beton"
2018-04-01,99.4328922495274,"Looncomponent"
2018-04-01,100.855513307985,"Materiaalcomponent"
2018-04-01,99.4360712482873,"Pre-cast concrete products"
2018-04-01,99.0264759778419,"Ready-mixed concrete **"
2018-04-01,98.7708420611646,"Reinforcing steel"
2018-04-01,98.8469208211144,"Reinforcing steel bars"
2018-04-01,98.6947633012149,"Reinforcing steel nets"
2018-05-01,100.570342205323,"Bouwkosten totaal"
2018-05-01,108.033520462127,"Concrete reinforcing bars (steel)"
2018-05-01,97.0724191063174,"Construction steel"
2018-05-01,103.663289166017,"Diesel"
2018-05-01,99.942235486666,"Energie"
2018-05-01,100,"Giet_beton"
2018-05-01,99.7156398104265,"Looncomponent"
2018-05-01,100.47258979206,"Materiaalcomponent"
2018-05-01,102.664147667278,"Pre-cast concrete products"
2018-05-01,92.4622173193602,"Ready-mixed concrete **"
2018-05-01,97.8001675743611,"Reinforcing steel"
2018-05-01,97.9008797653959,"Reinforcing steel bars"
2018-05-01,97.6994553833263,"Reinforcing steel nets"
2018-06-01,100.189035916824,"Bouwkosten totaal"
2018-06-01,103.786333055824,"Concrete reinforcing bars (steel)"
2018-06-01,96.1479198767334,"Construction steel"
2018-06-01,107.560405300078,"Diesel"
2018-06-01,100.519880620006,"Energie"
2018-06-01,100,"Giet_beton"
2018-06-01,100,"Looncomponent"
2018-06-01,101.232227488152,"Materiaalcomponent"
2018-06-01,105.082438692397,"Pre-cast concrete products"
2018-06-01,96.1824981520856,"Ready-mixed concrete **"
2018-06-01,97.1508169250105,"Reinforcing steel"
2018-06-01,96.991788856305,"Reinforcing steel bars"
2018-06-01,97.309844993716,"Reinforcing steel nets"
2018-07-01,101.042654028436,"Bouwkosten totaal"
2018-07-01,109.178934313453,"Concrete reinforcing bars (steel)"
2018-07-01,97.6887519260401,"Construction steel"
2018-07-01,105.76773187841,"Diesel"
2018-07-01,103.023009531145,"Energie"
2018-07-01,100,"Giet_beton"
2018-07-01,100.378071833648,"Looncomponent"
2018-07-01,101.71102661597,"Materiaalcomponent"
2018-07-01,99.7409926933737,"Pre-cast concrete products"
2018-07-01,98.0491962553884,"Ready-mixed concrete **"
2018-07-01,98.5739421868454,"Reinforcing steel"
2018-07-01,98.3131964809384,"Reinforcing steel bars"
2018-07-01,98.8346878927524,"Reinforcing steel nets"
2018-08-01,101.996197718631,"Bouwkosten totaal"
2018-08-01,114.248084630309,"Concrete reinforcing bars (steel)"
2018-08-01,99.2295839753467,"Construction steel"
2018-08-01,105.923616523772,"Diesel"
2018-08-01,103.051891787812,"Energie"
2018-08-01,101.169590643275,"Giet_beton"
2018-08-01,101.800947867299,"Looncomponent"
2018-08-01,101.323251417769,"Materiaalcomponent"
2018-08-01,103.2288756132,"Pre-cast concrete products"
2018-08-01,90.5449204237156,"Ready-mixed concrete **"
2018-08-01,99.7402597402597,"Reinforcing steel"
2018-08-01,99.6363636363636,"Reinforcing steel bars"
2018-08-01,99.8441558441558,"Reinforcing steel nets"
2018-09-01,101.79584120983,"Bouwkosten totaal"
2018-09-01,109.204413087741,"Concrete reinforcing bars (steel)"
2018-09-01,98.4591679506934,"Construction steel"
2018-09-01,107.092751363991,"Diesel"
2018-09-01,103.504380475594,"Energie"
2018-09-01,101.169590643275,"Giet_beton"
2018-09-01,102.091254752852,"Looncomponent"
2018-09-01,102.464454976303,"Materiaalcomponent"
2018-09-01,105.320407924727,"Pre-cast concrete products"
2018-09-01,96.4274450913524,"Ready-mixed concrete **"
2018-09-01,99.0280687054881,"Reinforcing steel"
2018-09-01,98.8973607038123,"Reinforcing steel bars"
2018-09-01,99.1587767071638,"Reinforcing steel nets"
2018-10-01,101.895734597156,"Bouwkosten totaal"
2018-10-01,118.766179601598,"Concrete reinforcing bars (steel)"
2018-10-01,96.7642526964561,"Construction steel"
2018-10-01,108.96336710834,"Diesel"
2018-10-01,104.178299797824,"Energie"
2018-10-01,101.169590643275,"Giet_beton"
2018-10-01,101.606805293006,"Looncomponent"
2018-10-01,102.186311787072,"Materiaalcomponent"
2018-10-01,99.5576615870623,"Pre-cast concrete products"
2018-10-01,99.4671773592935,"Ready-mixed concrete **"
2018-10-01,97.8617511520737,"Reinforcing steel"
2018-10-01,97.5741935483871,"Reinforcing steel bars"
2018-10-01,98.1493087557604,"Reinforcing steel nets"
2018-11-01,101.996197718631,"Bouwkosten totaal"
2018-11-01,123.933672121466,"Concrete reinforcing bars (steel)"
2018-11-01,96.3020030816641,"Construction steel"
2018-11-01,109.976617303196,"Diesel"
2018-11-01,105.959372292288,"Energie"
2018-11-01,101.169590643275,"Giet_beton"
2018-11-01,101.895734597156,"Looncomponent"
2018-11-01,101.323251417769,"Materiaalcomponent"
2018-11-01,103.543509378733,"Pre-cast concrete products"
2018-11-01,93.7212569058366,"Ready-mixed concrete **"
2018-11-01,97.9266862170088,"Reinforcing steel"
2018-11-01,97.6651026392962,"Reinforcing steel bars"
2018-11-01,98.1882697947214,"Reinforcing steel nets"
2018-12-01,101.701323251418,"Bouwkosten totaal"
2018-12-01,121.942558746736,"Concrete reinforcing bars (steel)"
2018-12-01,95.6856702619415,"Construction steel"
2018-12-01,103.975058456742,"Diesel"
2018-12-01,105.66092230673,"Energie"
2018-12-01,101.169590643275,"Giet_beton"
2018-12-01,102.186311787072,"Looncomponent"
2018-12-01,102.18009478673,"Materiaalcomponent"
2018-12-01,105.565859052541,"Pre-cast concrete products"
2018-12-01,96.6736428235005,"Ready-mixed concrete **"
2018-12-01,97.4754922496858,"Reinforcing steel"
2018-12-01,97.4463343108504,"Reinforcing steel bars"
2018-12-01,97.5046501885211,"Reinforcing steel nets"
2019-01-01,102.938388625592,"Bouwkosten totaal"
2019-01-01,98.0750721847931,"Concrete reinforcing bars (steel)"
2019-01-01,94.6070878274268,"Construction steel"
2019-01-01,98.8308651597818,"Diesel"
2019-01-01,117.387118513527,"Energie"
2019-01-01,101.169590643275,"Giet_beton"
2019-01-01,101.79584120983,"Looncomponent"
2019-01-01,104.087452471483,"Materiaalcomponent"
2019-01-01,103.918367346939,"Pre-cast concrete products"
2019-01-01,100.165975103734,"Ready-mixed concrete **"
2019-01-01,96.8278173439464,"Reinforcing steel"
2019-01-01,96.7460410557185,"Reinforcing steel bars"
2019-01-01,96.9095936321743,"Reinforcing steel nets"
2019-02-01,103.231939163498,"Bouwkosten totaal"
2019-02-01,103.839823608049,"Concrete reinforcing bars (steel)"
2019-02-01,95.5315870570108,"Construction steel"
2019-02-01,103.117692907249,"Diesel"
2019-02-01,117.589294310195,"Energie"
2019-02-01,101.169590643275,"Giet_beton"
2019-02-01,102.085308056872,"Looncomponent"
2019-02-01,103.497164461248,"Materiaalcomponent"
2019-02-01,107.969716760621,"Pre-cast concrete products"
2019-02-01,94.6681135576014,"Ready-mixed concrete **"
2019-02-01,98.3808127356514,"Reinforcing steel"
2019-02-01,98.2492668621701,"Reinforcing steel bars"
2019-02-01,98.5123586091328,"Reinforcing steel nets"
2019-03-01,102.741020793951,"Bouwkosten totaal"
2019-03-01,99.6883671291355,"Concrete reinforcing bars (steel)"
2019-03-01,96.3020030816641,"Construction steel"
2019-03-01,106.079501169135,"Diesel"
2019-03-01,116.838355636854,"Energie"
2019-03-01,101.169590643275,"Giet_beton"
2019-03-01,102.376425855513,"Looncomponent"
2019-03-01,104.075829383886,"Materiaalcomponent"
2019-03-01,109.536518194837,"Pre-cast concrete products"
2019-03-01,97.7202815678726,"Ready-mixed concrete **"
2019-03-01,98.7691663175534,"Reinforcing steel"
2019-03-01,98.6381231671554,"Reinforcing steel bars"
2019-03-01,98.9002094679514,"Reinforcing steel nets"
2019-04-01,103.127962085308,"Bouwkosten totaal"
2019-04-01,104.933592075888,"Concrete reinforcing bars (steel)"
2019-04-01,94.6070878274268,"Construction steel"
2019-04-01,105.845674201091,"Diesel"
2019-04-01,116.289592760181,"Energie"
2019-04-01,101.169590643275,"Giet_beton"
2019-04-01,101.890359168242,"Looncomponent"
2019-04-01,104.467680608365,"Materiaalcomponent"
2019-04-01,104.087113290546,"Pre-cast concrete products"
2019-04-01,99.270383554142,"Ready-mixed concrete **"
2019-04-01,96.9576874738165,"Reinforcing steel"
2019-04-01,96.9278592375367,"Reinforcing steel bars"
2019-04-01,96.9875157100963,"Reinforcing steel nets"
2019-05-01,103.51711026616,"Bouwkosten totaal"
2019-05-01,107.300734955116,"Concrete reinforcing bars (steel)"
2019-05-01,92.7580893682589,"Construction steel"
2019-05-01,108.573655494934,"Diesel"
2019-05-01,115.827476653509,"Energie"
2019-05-01,101.169590643275,"Giet_beton"
2019-05-01,102.18009478673,"Looncomponent"
2019-05-01,103.969754253308,"Materiaalcomponent"
2019-05-01,107.643815298674,"Pre-cast concrete products"
2019-05-01,93.9189189189189,"Ready-mixed concrete **"
2019-05-01,95.0163385002095,"Reinforcing steel"
2019-05-01,95.0357771260997,"Reinforcing steel bars"
2019-05-01,94.9968998743192,"Reinforcing steel nets"
2019-06-01,103.024574669187,"Bouwkosten totaal"
2019-06-01,100.984001980064,"Concrete reinforcing bars (steel)"
2019-06-01,91.9876733436056,"Construction steel"
2019-06-01,107.092751363991,"Diesel"
2019-06-01,116.000770193511,"Energie"
2019-06-01,101.169590643275,"Giet_beton"
2019-06-01,102.661596958175,"Looncomponent"
2019-06-01,104.170616113744,"Materiaalcomponent"
2019-06-01,109.743353311818,"Pre-cast concrete products"
2019-06-01,97.3768172516562,"Ready-mixed concrete **"
2019-06-01,93.8512777545036,"Reinforcing steel"
2019-06-01,93.8692082111437,"Reinforcing steel bars"
2019-06-01,93.8333472978634,"Reinforcing steel nets"
2019-07-01,104.549763033175,"Bouwkosten totaal"
2019-07-01,105.287199660661,"Concrete reinforcing bars (steel)"
2019-07-01,91.6795069337442,"Construction steel"
2019-07-01,104.832424006235,"Diesel"
2019-07-01,113.690189660152,"Energie"
2019-07-01,101.169590643275,"Giet_beton"
2019-07-01,103.969754253308,"Looncomponent"
2019-07-01,105.133079847909,"Materiaalcomponent"
2019-07-01,104.063636036425,"Pre-cast concrete products"
2019-07-01,99.5926384499637,"Ready-mixed concrete **"
2019-07-01,93.2027649769585,"Reinforcing steel"
2019-07-01,93.0645161290322,"Reinforcing steel bars"
2019-07-01,93.3410138248848,"Reinforcing steel nets"
2019-08-01,104.467680608365,"Bouwkosten totaal"
2019-08-01,108.890997408409,"Concrete reinforcing bars (steel)"
2019-08-01,90.7550077041602,"Construction steel"
2019-08-01,104.988308651598,"Diesel"
2019-08-01,113.083662270145,"Energie"
2019-08-01,105.847953216374,"Giet_beton"
2019-08-01,104.265402843602,"Looncomponent"
2019-08-01,103.875236294896,"Materiaalcomponent"
2019-08-01,107.288438137314,"Pre-cast concrete products"
2019-08-01,94.0037671292056,"Ready-mixed concrete **"
2019-08-01,92.1663175534143,"Reinforcing steel"
2019-08-01,91.9231671554252,"Reinforcing steel bars"
2019-08-01,92.4094679514034,"Reinforcing steel nets"
2019-09-01,104.06427221172,"Bouwkosten totaal"
2019-09-01,102.885932099058,"Concrete reinforcing bars (steel)"
2019-09-01,88.7519260400616,"Construction steel"
2019-09-01,103.351519875292,"Diesel"
2019-09-01,113.054780013478,"Energie"
2019-09-01,105.847953216374,"Giet_beton"
2019-09-01,104.562737642586,"Looncomponent"
2019-09-01,104.454976303318,"Materiaalcomponent"
2019-09-01,109.634737887908,"Pre-cast concrete products"
2019-09-01,97.4651576626997,"Ready-mixed concrete **"
2019-09-01,90.1591956430666,"Reinforcing steel"
2019-09-01,89.8357771260997,"Reinforcing steel bars"
2019-09-01,90.4826141600335,"Reinforcing steel nets"
2019-10-01,104.265402843602,"Bouwkosten totaal"
2019-10-01,109.53387581299,"Concrete reinforcing bars (steel)"
2019-10-01,85.3620955315871,"Construction steel"
2019-10-01,107.71628994544,"Diesel"
2019-10-01,112.862231635698,"Energie"
2019-10-01,105.847953216374,"Giet_beton"
2019-10-01,103.969754253308,"Looncomponent"
2019-10-01,104.657794676806,"Materiaalcomponent"
2019-10-01,103.469710839481,"Pre-cast concrete products"
2019-10-01,99.9599957442281,"Ready-mixed concrete **"
2019-10-01,86.9245915374948,"Reinforcing steel"
2019-10-01,86.8041055718475,"Reinforcing steel bars"
2019-10-01,87.045077503142,"Reinforcing steel nets"
2019-11-01,104.562737642586,"Bouwkosten totaal"
2019-11-01,108.576934433618,"Concrete reinforcing bars (steel)"
2019-11-01,85.2080123266564,"Construction steel"
2019-11-01,106.780982073266,"Diesel"
2019-11-01,113.054780013478,"Energie"
2019-11-01,105.847953216374,"Giet_beton"
2019-11-01,104.265402843602,"Looncomponent"
2019-11-01,104.06427221172,"Materiaalcomponent"
2019-11-01,107.099716170494,"Pre-cast concrete products"
2019-11-01,94.4964534062985,"Ready-mixed concrete **"
2019-11-01,86.7972350230415,"Reinforcing steel"
2019-11-01,86.9354838709677,"Reinforcing steel bars"
2019-11-01,86.6589861751152,"Reinforcing steel nets"
2019-12-01,104.725897920605,"Bouwkosten totaal"
2019-12-01,106.892310971386,"Concrete reinforcing bars (steel)"
2019-12-01,91.0631741140216,"Construction steel"
2019-12-01,107.560405300078,"Diesel"
2019-12-01,112.823721960142,"Energie"
2019-12-01,105.847953216374,"Giet_beton"
2019-12-01,106.178707224335,"Looncomponent"
2019-12-01,104.265402843602,"Materiaalcomponent"
2019-12-01,109.200232102388,"Pre-cast concrete products"
2019-12-01,97.3938934736756,"Ready-mixed concrete **"
2019-12-01,90.3569333891915,"Reinforcing steel"
2019-12-01,90.4739002932551,"Reinforcing steel bars"
2019-12-01,90.2399664851278,"Reinforcing steel nets"
2020-01-01,105.876777251185,"Bouwkosten totaal"
2020-01-01,87.776708373436,"Concrete reinforcing bars (steel)"
2020-01-01,91.5254237288136,"Construction steel"
2020-01-01,110.833982852689,"Diesel"
2020-01-01,104.967748146722,"Energie"
2020-01-01,105.847953216374,"Giet_beton"
2020-01-01,106.143667296786,"Looncomponent"
2020-01-01,105.513307984791,"Materiaalcomponent"
2020-01-01,105.959183673469,"Pre-cast concrete products"
2020-01-01,101.078838174274,"Ready-mixed concrete **"
2020-01-01,90.0971931294512,"Reinforcing steel"
2020-01-01,90.1102639296188,"Reinforcing steel bars"
2020-01-01,90.0841223292836,"Reinforcing steel nets"
2020-02-01,106.178707224335,"Bouwkosten totaal"
2020-02-01,90.9729335578743,"Concrete reinforcing bars (steel)"
2020-02-01,87.5192604006163,"Construction steel"
2020-02-01,106.469212782541,"Diesel"
2020-02-01,104.361220756715,"Energie"
2020-02-01,105.847953216374,"Giet_beton"
2020-02-01,106.445497630332,"Looncomponent"
2020-02-01,105.009451795841,"Materiaalcomponent"
2020-02-01,109.64887254228,"Pre-cast concrete products"
2020-02-01,94.979521825883,"Ready-mixed concrete **"
2020-02-01,87.7038123167155,"Reinforcing steel"
2020-02-01,87.8950146627566,"Reinforcing steel bars"
2020-02-01,87.5126099706745,"Reinforcing steel nets"
2020-03-01,105.482041587902,"Bouwkosten totaal"
2020-03-01,90.2911158059809,"Concrete reinforcing bars (steel)"
2020-03-01,84.8998459167951,"Construction steel"
2020-03-01,104.208885424786,"Diesel"
2020-03-01,103.196303071147,"Energie"
2020-03-01,105.847953216374,"Giet_beton"
2020-03-01,106.749049429658,"Looncomponent"
2020-03-01,105.21327014218,"Materiaalcomponent"
2020-03-01,110.9822641648,"Pre-cast concrete products"
2020-03-01,98.4417602668971,"Ready-mixed concrete **"
2020-03-01,86.2806870548806,"Reinforcing steel"
2020-03-01,86.5736070381232,"Reinforcing steel bars"
2020-03-01,85.987767071638,"Reinforcing steel nets"
2020-04-01,105.308056872038,"Bouwkosten totaal"
2020-04-01,93.2177055819779,"Concrete reinforcing bars (steel)"
2020-04-01,85.0539291217257,"Construction steel"
2020-04-01,96.3367108339828,"Diesel"
2020-04-01,101.906228940021,"Energie"
2020-04-01,105.847953216374,"Giet_beton"
2020-04-01,106.143667296786,"Looncomponent"
2020-04-01,104.562737642586,"Materiaalcomponent"
2020-04-01,106.492824691714,"Pre-cast concrete products"
2020-04-01,99.6768961813088,"Ready-mixed concrete **"
2020-04-01,86.4733975701718,"Reinforcing steel"
2020-04-01,86.5853372434018,"Reinforcing steel bars"
2020-04-01,86.3614578969418,"Reinforcing steel nets"
2020-05-01,105.608365019011,"Bouwkosten totaal"
2020-05-01,99.5591701244813,"Concrete reinforcing bars (steel)"
2020-05-01,83.3590138674884,"Construction steel"
2020-05-01,93.3749025720967,"Diesel"
2020-05-01,101.213054780013,"Energie"
2020-05-01,105.847953216374,"Giet_beton"
2020-05-01,106.54028436019,"Looncomponent"
2020-05-01,103.780718336484,"Materiaalcomponent"
2020-05-01,110.676515880654,"Pre-cast concrete products"
2020-05-01,92.318693877551,"Ready-mixed concrete **"
2020-05-01,84.466275659824,"Reinforcing steel"
2020-05-01,84.4979472140762,"Reinforcing steel bars"
2020-05-01,84.4346041055718,"Reinforcing steel nets"
2020-06-01,105.009451795841,"Bouwkosten totaal"
2020-06-01,92.4094693877551,"Concrete reinforcing bars (steel)"
2020-06-01,81.6640986132512,"Construction steel"
2020-06-01,92.9851909586906,"Diesel"
2020-06-01,100.779820930009,"Energie"
2020-06-01,105.847953216374,"Giet_beton"
2020-06-01,106.939163498099,"Looncomponent"
2020-06-01,104.075829383886,"Materiaalcomponent"
2020-06-01,112.724813278008,"Pre-cast concrete products"
2020-06-01,93.75062560154,"Ready-mixed concrete **"
2020-06-01,82.8496020108923,"Reinforcing steel"
2020-06-01,83.0604105571848,"Reinforcing steel bars"
2020-06-01,82.6387934645999,"Reinforcing steel nets"
2020-07-01,106.350710900474,"Bouwkosten totaal"
2020-07-01,95.4432146294514,"Concrete reinforcing bars (steel)"
2020-07-01,82.5885978428351,"Construction steel"
2020-07-01,94.933749025721,"Diesel"
2020-07-01,98.9794935977664,"Energie"
2020-07-01,105.847953216374,"Giet_beton"
2020-07-01,108.12854442344,"Looncomponent"
2020-07-01,104.657794676806,"Materiaalcomponent"
2020-07-01,106.388897959184,"Pre-cast concrete products"
2020-07-01,95.1385892116183,"Ready-mixed concrete **"
2020-07-01,83.1093422706326,"Reinforcing steel"
2020-07-01,83.4240469208211,"Reinforcing steel bars"
2020-07-01,82.7946376204441,"Reinforcing steel nets"
2020-08-01,106.939163498099,"Bouwkosten totaal"
2020-08-01,98.4059751037344,"Concrete reinforcing bars (steel)"
2020-08-01,83.3590138674884,"Construction steel"
2020-08-01,94.0763834762276,"Diesel"
2020-08-01,99.2105516511023,"Energie"
2020-08-01,108.187134502924,"Giet_beton"
2020-08-01,108.436018957346,"Looncomponent"
2020-08-01,104.536862003781,"Materiaalcomponent"
2020-08-01,110.394417709336,"Pre-cast concrete products"
2020-08-01,90.4124081632653,"Ready-mixed concrete **"
2020-08-01,84.1445328864684,"Reinforcing steel"
2020-08-01,84.4087976539589,"Reinforcing steel bars"
2020-08-01,83.8802681189778,"Reinforcing steel nets"
2020-09-01,106.143667296786,"Bouwkosten totaal"
2020-09-01,93.9526530612245,"Concrete reinforcing bars (steel)"
2020-09-01,85.0539291217257,"Construction steel"
2020-09-01,93.5307872174591,"Diesel"
2020-09-01,99.4223548666602,"Energie"
2020-09-01,108.187134502924,"Giet_beton"
2020-09-01,108.745247148289,"Looncomponent"
2020-09-01,104.549763033175,"Materiaalcomponent"
2020-09-01,112.820912863071,"Pre-cast concrete products"
2020-09-01,94.9730510105871,"Ready-mixed concrete **"
2020-09-01,86.4708839547549,"Reinforcing steel"
2020-09-01,86.2721407624634,"Reinforcing steel bars"
2020-09-01,86.6696271470465,"Reinforcing steel nets"
2020-10-01,106.255924170616,"Bouwkosten totaal"
2020-10-01,98.2641963426372,"Concrete reinforcing bars (steel)"
2020-10-01,86.286594761171,"Construction steel"
2020-10-01,90.8807482462977,"Diesel"
2020-10-01,99.5475113122172,"Energie"
2020-10-01,108.187134502924,"Giet_beton"
2020-10-01,108.12854442344,"Looncomponent"
2020-10-01,104.467680608365,"Materiaalcomponent"
2020-10-01,106.570448979592,"Pre-cast concrete products"
2020-10-01,97.2527800829876,"Ready-mixed concrete **"
2020-10-01,88.7398408043569,"Reinforcing steel"
2020-10-01,88.9841642228739,"Reinforcing steel bars"
2020-10-01,88.49551738584,"Reinforcing steel nets"
2020-11-01,106.653992395437,"Bouwkosten totaal"
2020-11-01,102.634356846473,"Concrete reinforcing bars (steel)"
2020-11-01,89.2141756548536,"Construction steel"
2020-11-01,90.1013250194856,"Diesel"
2020-11-01,100.048137094445,"Energie"
2020-11-01,108.187134502924,"Giet_beton"
2020-11-01,108.436018957346,"Looncomponent"
2020-11-01,104.158790170132,"Materiaalcomponent"
2020-11-01,110.394417709336,"Pre-cast concrete products"
2020-11-01,91.9555918367347,"Ready-mixed concrete **"
2020-11-01,91.4599916212819,"Reinforcing steel"
2020-11-01,91.9149560117302,"Reinforcing steel bars"
2020-11-01,91.0050272308337,"Reinforcing steel nets"
2020-12-01,106.994328922495,"Bouwkosten totaal"
2020-12-01,100.760816326531,"Concrete reinforcing bars (steel)"
2020-12-01,101.540832049307,"Construction steel"
2020-12-01,95.3234606391271,"Diesel"
2020-12-01,100.221430634447,"Energie"
2020-12-01,108.187134502924,"Giet_beton"
2020-12-01,109.695817490494,"Looncomponent"
2020-12-01,105.308056872038,"Materiaalcomponent"
2020-12-01,112.340414937759,"Pre-cast concrete products"
2020-12-01,94.6909528392685,"Ready-mixed concrete **"
2020-12-01,102.073732718894,"Reinforcing steel"
2020-12-01,102.387096774194,"Reinforcing steel bars"
2020-12-01,101.760368663594,"Reinforcing steel nets"
2021-01-01,108.056872037915,"Bouwkosten totaal"
2021-01-01,113.215399422522,"Concrete reinforcing bars (steel)"
2021-01-01,111.71032357473,"Construction steel"
2021-01-01,97.5837879968823,"Diesel"
2021-01-01,100.539135457784,"Energie"
2021-01-01,108.187134502924,"Giet_beton"
2021-01-01,108.506616257089,"Looncomponent"
2021-01-01,107.604562737643,"Materiaalcomponent"
2021-01-01,106.752,"Pre-cast concrete products"
2021-01-01,97.444979253112,"Ready-mixed concrete **"
2021-01-01,110.3581901969,"Reinforcing steel"
2021-01-01,110.630498533724,"Reinforcing steel bars"
2021-01-01,110.085881860075,"Reinforcing steel nets"
2021-02-01,108.365019011407,"Bouwkosten totaal"
2021-02-01,116.280497925311,"Concrete reinforcing bars (steel)"
2021-02-01,110.362095531587,"Construction steel"
2021-02-01,102.104442712393,"Diesel"
2021-02-01,102.175796668913,"Energie"
2021-02-01,108.187134502924,"Giet_beton"
2021-02-01,108.815165876777,"Looncomponent"
2021-02-01,107.088846880907,"Materiaalcomponent"
2021-02-01,110.770548604427,"Pre-cast concrete products"
2021-02-01,91.7740408163265,"Ready-mixed concrete **"
2021-02-01,110.680770842061,"Reinforcing steel"
2021-02-01,110.824046920821,"Reinforcing steel bars"
2021-02-01,110.537494763301,"Reinforcing steel nets"
2021-03-01,108.034026465028,"Bouwkosten totaal"
2021-03-01,114.740244897959,"Concrete reinforcing bars (steel)"
2021-03-01,108.166409861325,"Construction steel"
2021-03-01,108.495713172253,"Diesel"
2021-03-01,103.186675652258,"Energie"
2021-03-01,108.187134502924,"Giet_beton"
2021-03-01,109.600760456274,"Looncomponent"
2021-03-01,107.488151658768,"Materiaalcomponent"
2021-03-01,113.013112033195,"Pre-cast concrete products"
2021-03-01,95.1611164581328,"Ready-mixed concrete **"
2021-03-01,111.715123586091,"Reinforcing steel"
2021-03-01,111.704398826979,"Reinforcing steel bars"
2021-03-01,111.725848345203,"Reinforcing steel nets"
2021-04-01,109.099526066351,"Bouwkosten totaal"
2021-04-01,134.278729547642,"Concrete reinforcing bars (steel)"
2021-04-01,108.24345146379,"Construction steel"
2021-04-01,107.950116913484,"Diesel"
2021-04-01,103.947241744488,"Energie"
2021-04-01,108.187134502924,"Giet_beton"
2021-04-01,108.979206049149,"Looncomponent"
2021-04-01,109.410646387833,"Materiaalcomponent"
2021-04-01,107.20587755102,"Pre-cast concrete products"
2021-04-01,97.2527800829876,"Ready-mixed concrete **"
2021-04-01,111.489317134478,"Reinforcing steel"
2021-04-01,111.568914956012,"Reinforcing steel bars"
2021-04-01,111.409719312945,"Reinforcing steel nets"
2021-05-01,110.171102661597,"Bouwkosten totaal"
2021-05-01,141.650788381743,"Concrete reinforcing bars (steel)"
2021-05-01,125.885978428351,"Construction steel"
2021-05-01,109.431021044427,"Diesel"
2021-05-01,104.187927216713,"Energie"
2021-05-01,108.187134502924,"Giet_beton"
2021-05-01,109.289099526066,"Looncomponent"
2021-05-01,110.207939508507,"Materiaalcomponent"
2021-05-01,118.575264677575,"Pre-cast concrete products"
2021-05-01,94.8604081632653,"Ready-mixed concrete **"
2021-05-01,129.834101382488,"Reinforcing steel"
2021-05-01,129.329032258065,"Reinforcing steel bars"
2021-05-01,130.339170506912,"Reinforcing steel nets"
2021-06-01,110.491493383743,"Bouwkosten totaal"
2021-06-01,142.517551020408,"Concrete reinforcing bars (steel)"
2021-06-01,135.97842835131,"Construction steel"
2021-06-01,109.508963367108,"Diesel"
2021-06-01,105.891980360065,"Energie"
2021-06-01,108.187134502924,"Giet_beton"
2021-06-01,109.600760456274,"Looncomponent"
2021-06-01,112.322274881517,"Materiaalcomponent"
2021-06-01,121.37377593361,"Pre-cast concrete products"
2021-06-01,98.4522617901829,"Ready-mixed concrete **"
2021-06-01,146.107038123167,"Reinforcing steel"
2021-06-01,144.936950146628,"Reinforcing steel bars"
2021-06-01,147.277126099707,"Reinforcing steel nets"
2021-07-01,112.037914691943,"Bouwkosten totaal"
2021-07-01,156.188354186718,"Concrete reinforcing bars (steel)"
2021-07-01,137.904468412943,"Construction steel"
2021-07-01,113.795791114575,"Diesel"
2021-07-01,111.475883315683,"Energie"
2021-07-01,108.187134502924,"Giet_beton"
2021-07-01,108.979206049149,"Looncomponent"
2021-07-01,115.114068441065,"Materiaalcomponent"
2021-07-01,116.192653061225,"Pre-cast concrete products"
2021-07-01,101.192863070539,"Ready-mixed concrete **"
2021-07-01,148.206954335987,"Reinforcing steel"
2021-07-01,146.58651026393,"Reinforcing steel bars"
2021-07-01,149.827398408044,"Reinforcing steel nets"
2021-08-01,112.167300380228,"Bouwkosten totaal"
2021-08-01,162.792697095436,"Concrete reinforcing bars (steel)"
2021-08-01,136.979969183359,"Construction steel"
2021-08-01,114.029618082619,"Diesel"
2021-08-01,112.804467122364,"Energie"
2021-08-01,116.959064327485,"Giet_beton"
2021-08-01,108.151658767773,"Looncomponent"
2021-08-01,115.217391304348,"Materiaalcomponent"
2021-08-01,122.524639076035,"Pre-cast concrete products"
2021-08-01,96.3128163265306,"Ready-mixed concrete **"
2021-08-01,148.205278592375,"Reinforcing steel"
2021-08-01,146.377712609971,"Reinforcing steel bars"
2021-08-01,150.03284457478,"Reinforcing steel nets"
2021-09-01,111.814744801512,"Bouwkosten totaal"
2021-09-01,152.139755102041,"Concrete reinforcing bars (steel)"
2021-09-01,134.052388289676,"Construction steel"
2021-09-01,114.263445050663,"Diesel"
2021-09-01,118.69644748243,"Energie"
2021-09-01,116.959064327485,"Giet_beton"
2021-09-01,108.460076045627,"Looncomponent"
2021-09-01,116.113744075829,"Materiaalcomponent"
2021-09-01,125.602157676349,"Pre-cast concrete products"
2021-09-01,102.119538017324,"Ready-mixed concrete **"
2021-09-01,145.128822790113,"Reinforcing steel"
2021-09-01,143.051319648094,"Reinforcing steel bars"
2021-09-01,147.206325932132,"Reinforcing steel nets"
2021-10-01,112.890995260664,"Bouwkosten totaal"
2021-10-01,157.222714148219,"Concrete reinforcing bars (steel)"
2021-10-01,132.896764252696,"Construction steel"
2021-10-01,119.953234606391,"Diesel"
2021-10-01,131.472032348127,"Energie"
2021-10-01,116.959064327485,"Giet_beton"
2021-10-01,108.223062381853,"Looncomponent"
2021-10-01,117.585551330798,"Materiaalcomponent"
2021-10-01,122.54693877551,"Pre-cast concrete products"
2021-10-01,104.364149377593,"Ready-mixed concrete **"
2021-10-01,142.054880603268,"Reinforcing steel"
2021-10-01,140.038123167155,"Reinforcing steel bars"
2021-10-01,144.07163803938,"Reinforcing steel nets"
2021-11-01,113.403041825095,"Bouwkosten totaal"
2021-11-01,160.870705394191,"Concrete reinforcing bars (steel)"
2021-11-01,132.357473035439,"Construction steel"
2021-11-01,127.825409197194,"Diesel"
2021-11-01,157.514200442861,"Energie"
2021-11-01,116.959064327485,"Giet_beton"
2021-11-01,108.530805687204,"Looncomponent"
2021-11-01,117.202268431002,"Materiaalcomponent"
2021-11-01,127.414340712223,"Pre-cast concrete products"
2021-11-01,98.6729795918367,"Ready-mixed concrete **"
2021-11-01,139.660661918726,"Reinforcing steel"
2021-11-01,137.718475073314,"Reinforcing steel bars"
2021-11-01,141.602848764139,"Reinforcing steel nets"
2021-12-01,112.948960302457,"Bouwkosten totaal"
2021-12-01,152.139755102041,"Concrete reinforcing bars (steel)"
2021-12-01,132.704160246533,"Construction steel"
2021-12-01,126.422447388932,"Diesel"
2021-12-01,175.257533455281,"Energie"
2021-12-01,116.959064327485,"Giet_beton"
2021-12-01,108.840304182509,"Looncomponent"
2021-12-01,118.009478672986,"Materiaalcomponent"
2021-12-01,130.79153526971,"Pre-cast concrete products"
2021-12-01,102.30760346487,"Ready-mixed concrete **"
2021-12-01,139.300377042313,"Reinforcing steel"
2021-12-01,136.826979472141,"Reinforcing steel bars"
2021-12-01,141.773774612484,"Reinforcing steel nets"
2022-01-01,116.113744075829,"Bouwkosten totaal"
2022-01-01,158.539172281039,"Concrete reinforcing bars (steel)"
2022-01-01,138.520801232666,"Construction steel"
2022-01-01,125.720966484801,"Diesel"
2022-01-01,189.16915374988,"Energie"
2022-01-01,116.959064327485,"Giet_beton"
2022-01-01,110.775047258979,"Looncomponent"
2022-01-01,121.292775665399,"Materiaalcomponent"
2022-01-01,132.804571428571,"Pre-cast concrete products"
2022-01-01,108.304232365145,"Ready-mixed concrete **"
2022-01-01,143.93129451194,"Reinforcing steel"
2022-01-01,141.839296187683,"Reinforcing steel bars"
2022-01-01,146.023292836196,"Reinforcing steel nets"
2022-02-01,117.015209125475,"Bouwkosten totaal"
2022-02-01,162.408298755187,"Concrete reinforcing bars (steel)"
2022-02-01,141.949152542373,"Construction steel"
2022-02-01,133.826968043648,"Diesel"
2022-02-01,180.870318667565,"Energie"
2022-02-01,116.959064327485,"Giet_beton"
2022-02-01,111.090047393365,"Looncomponent"
2022-02-01,121.833648393195,"Materiaalcomponent"
2022-02-01,138.886333012512,"Pre-cast concrete products"
2022-02-01,102.939428571429,"Ready-mixed concrete **"
2022-02-01,146.021156263092,"Reinforcing steel"
2022-02-01,144.236070381232,"Reinforcing steel bars"
2022-02-01,147.806242144952,"Reinforcing steel nets"
2022-03-01,118.336483931947,"Bouwkosten totaal"
2022-03-01,201.884734693878,"Concrete reinforcing bars (steel)"
2022-03-01,194.530046224961,"Construction steel"
2022-03-01,140.140296180826,"Diesel"
2022-03-01,265.572350052951,"Energie"
2022-03-01,116.959064327485,"Giet_beton"
2022-03-01,111.501901140684,"Looncomponent"
2022-03-01,125.971563981043,"Materiaalcomponent"
2022-03-01,142.515684647303,"Pre-cast concrete products"
2022-03-01,107.103272377286,"Ready-mixed concrete **"
2022-03-01,192.552890657729,"Reinforcing steel"
2022-03-01,192.090175953079,"Reinforcing steel bars"
2022-03-01,193.01560536238,"Reinforcing steel nets"
2022-04-01,120.758293838863,"Bouwkosten totaal"
2022-04-01,213.548315688162,"Concrete reinforcing bars (steel)"
2022-04-01,203.967642526965,"Construction steel"
2022-04-01,159.080280592362,"Diesel"
2022-04-01,245.701357466063,"Energie"
2022-04-01,116.959064327485,"Giet_beton"
2022-04-01,111.342155009452,"Looncomponent"
2022-04-01,129.942965779468,"Materiaalcomponent"
2022-04-01,136.344816326531,"Pre-cast concrete products"
2022-04-01,110.034024896266,"Ready-mixed concrete **"
2022-04-01,206.301843317972,"Reinforcing steel"
2022-04-01,205.209677419355,"Reinforcing steel bars"
2022-04-01,207.39400921659,"Reinforcing steel nets"
2022-05-01,121.673003802281,"Bouwkosten totaal"
2022-05-01,232.753195020747,"Concrete reinforcing bars (steel)"
2022-05-01,196.918335901387,"Construction steel"
2022-05-01,157.287607170694,"Diesel"
2022-05-01,213.488013863483,"Energie"
2022-05-01,116.959064327485,"Giet_beton"
2022-05-01,111.658767772512,"Looncomponent"
2022-05-01,130.434782608696,"Materiaalcomponent"
2022-05-01,151.956881616939,"Pre-cast concrete products"
2022-05-01,114.286367346939,"Ready-mixed concrete **"
2022-05-01,195.710096355258,"Reinforcing steel"
2022-05-01,193.478005865103,"Reinforcing steel bars"
2022-05-01,197.942186845413,"Reinforcing steel nets"
2022-06-01,120.510396975425,"Bouwkosten totaal"
2022-06-01,217.679673469388,"Concrete reinforcing bars (steel)"
2022-06-01,180.469953775039,"Construction steel"
2022-06-01,156.819953234606,"Diesel"
2022-06-01,194.290940598825,"Energie"
2022-06-01,116.959064327485,"Giet_beton"
2022-06-01,111.977186311787,"Looncomponent"
2022-06-01,129.857819905213,"Materiaalcomponent"
2022-06-01,155.873526970954,"Pre-cast concrete products"
2022-06-01,120.361886429259,"Ready-mixed concrete **"
2022-06-01,178.620653540008,"Reinforcing steel"
2022-06-01,176.133431085044,"Reinforcing steel bars"
2022-06-01,181.107875994973,"Reinforcing steel nets"
2022-07-01,121.800947867299,"Bouwkosten totaal"
2022-07-01,208.752646775746,"Concrete reinforcing bars (steel)"
2022-07-01,168.721109399075,"Construction steel"
2022-07-01,169.134840218239,"Diesel"
2022-07-01,231.63569846924,"Energie"
2022-07-01,116.959064327485,"Giet_beton"
2022-07-01,111.342155009452,"Looncomponent"
2022-07-01,132.034220532319,"Materiaalcomponent"
2022-07-01,148.145632653061,"Pre-cast concrete products"
2022-07-01,123.295767634855,"Ready-mixed concrete **"
2022-07-01,159.530791788856,"Reinforcing steel"
2022-07-01,157.536656891496,"Reinforcing steel bars"
2022-07-01,161.524926686217,"Reinforcing steel nets"
2022-08-01,122.338403041825,"Bouwkosten totaal"
2022-08-01,208.247800829876,"Concrete reinforcing bars (steel)"
2022-08-01,159.013867488444,"Construction steel"
2022-08-01,155.650818394388,"Diesel"
2022-08-01,283.537113699817,"Energie"
2022-08-01,152.865497076023,"Giet_beton"
2022-08-01,111.658767772512,"Looncomponent"
2022-08-01,131.568998109641,"Materiaalcomponent"
2022-08-01,153.555437921078,"Pre-cast concrete products"
2022-08-01,116.918857142857,"Ready-mixed concrete **"
2022-08-01,151.959782153331,"Reinforcing steel"
2022-08-01,150.188856304985,"Reinforcing steel bars"
2022-08-01,153.730708001676,"Reinforcing steel nets"
2022-09-01,122.495274102079,"Bouwkosten totaal"
2022-09-01,196.256653061225,"Concrete reinforcing bars (steel)"
2022-09-01,159.090909090909,"Construction steel"
2022-09-01,161.418550272798,"Diesel"
2022-09-01,355.694618272841,"Energie"
2022-09-01,152.865497076023,"Giet_beton"
2022-09-01,113.403041825095,"Looncomponent"
2022-09-01,132.322274881517,"Materiaalcomponent"
2022-09-01,158.852614107884,"Pre-cast concrete products"
2022-09-01,122.900769971126,"Ready-mixed concrete **"
2022-09-01,152.74926686217,"Reinforcing steel"
2022-09-01,152.558651026393,"Reinforcing steel bars"
2022-09-01,152.939882697947,"Reinforcing steel nets"
2022-10-01,123.222748815166,"Bouwkosten totaal"
2022-10-01,189.569971126083,"Concrete reinforcing bars (steel)"
2022-10-01,144.530046224961,"Construction steel"
2022-10-01,151.28604832424,"Diesel"
2022-10-01,359.304900356214,"Energie"
2022-10-01,152.865497076023,"Giet_beton"
2022-10-01,112.759924385633,"Looncomponent"
2022-10-01,133.460076045627,"Materiaalcomponent"
2022-10-01,152.593632653061,"Pre-cast concrete products"
2022-10-01,127.620248962656,"Ready-mixed concrete **"
2022-10-01,144.466694595727,"Reinforcing steel"
2022-10-01,144.550146627566,"Reinforcing steel bars"
2022-10-01,144.383242563888,"Reinforcing steel nets"
2022-11-01,123.28897338403,"Bouwkosten totaal"
2022-11-01,192.103070539419,"Concrete reinforcing bars (steel)"
2022-11-01,131.741140215716,"Construction steel"
2022-11-01,166.095089633671,"Diesel"
2022-11-01,267.613362857418,"Energie"
2022-11-01,152.865497076023,"Giet_beton"
2022-11-01,113.080568720379,"Looncomponent"
2022-11-01,132.230623818526,"Materiaalcomponent"
2022-11-01,159.479499518768,"Pre-cast concrete products"
2022-11-01,123.182367346939,"Ready-mixed concrete **"
2022-11-01,132.197318810222,"Reinforcing steel"
2022-11-01,131.785923753666,"Reinforcing steel bars"
2022-11-01,132.608713866778,"Reinforcing steel nets"
2022-12-01,122.589792060491,"Bouwkosten totaal"
2022-12-01,175.196734693878,"Concrete reinforcing bars (steel)"
2022-12-01,127.88906009245,"Construction steel"
2022-12-01,138.269680436477,"Diesel"
2022-12-01,266.400308077404,"Energie"
2022-12-01,152.865497076023,"Giet_beton"
2022-12-01,113.403041825095,"Looncomponent"
2022-12-01,132.511848341232,"Materiaalcomponent"
2022-12-01,163.561493775934,"Pre-cast concrete products"
2022-12-01,129.106929740135,"Ready-mixed concrete **"
2022-12-01,126.696690406368,"Reinforcing steel"
2022-12-01,126.407624633431,"Reinforcing steel bars"
2022-12-01,126.985756179305,"Reinforcing steel nets"
2023-01-01,126.161137440758,"Bouwkosten totaal"
2023-01-01,173.866506256015,"Concrete reinforcing bars (steel)"
2023-01-01,126.040061633282,"Construction steel"
2023-01-01,138.503507404521,"Diesel"
2023-01-01,182.776547607586,"Energie"
2023-01-01,152.865497076023,"Giet_beton"
2023-01-01,114.366729678639,"Looncomponent"
2023-01-01,137.737642585551,"Materiaalcomponent"
2023-01-01,156.860081632653,"Pre-cast concrete products"
2023-01-01,133.001825726141,"Ready-mixed concrete **"
2023-01-01,124.85965647256,"Reinforcing steel"
2023-01-01,125.513196480938,"Reinforcing steel bars"
2023-01-01,124.206116464181,"Reinforcing steel nets"
2023-02-01,126.996197718631,"Bouwkosten totaal"
2023-02-01,178.553029045643,"Concrete reinforcing bars (steel)"
2023-02-01,119.992295839753,"Construction steel"
2023-02-01,139.906469212783,"Diesel"
2023-02-01,175.594493116395,"Energie"
2023-02-01,152.865497076023,"Giet_beton"
2023-02-01,114.691943127962,"Looncomponent"
2023-02-01,137.901701323251,"Materiaalcomponent"
2023-02-01,167.472281039461,"Pre-cast concrete products"
2023-02-01,125.451755102041,"Ready-mixed concrete **"
2023-02-01,119.099811478844,"Reinforcing steel"
2023-02-01,119.83651026393,"Reinforcing steel bars"
2023-02-01,118.363112693758,"Reinforcing steel nets"
2023-03-01,127.126654064272,"Bouwkosten totaal"
2023-03-01,167.753142857143,"Concrete reinforcing bars (steel)"
2023-03-01,122.11093990755,"Construction steel"
2023-03-01,128.604832424006,"Diesel"
2023-03-01,168.585732165207,"Energie"
2023-03-01,152.865497076023,"Giet_beton"
2023-03-01,116.730038022814,"Looncomponent"
2023-03-01,138.293838862559,"Materiaalcomponent"
2023-03-01,173.459751037344,"Pre-cast concrete products"
2023-03-01,130.517420596728,"Ready-mixed concrete **"
2023-03-01,121.52387934646,"Reinforcing steel"
2023-03-01,121.875366568915,"Reinforcing steel bars"
2023-03-01,121.172392124005,"Reinforcing steel nets"
2023-04-01,127.772511848341,"Bouwkosten totaal"
2023-04-01,174.806833493744,"Concrete reinforcing bars (steel)"
2023-04-01,120.37750385208,"Construction steel"
2023-04-01,125.097427903352,"Diesel"
2023-04-01,166.583229036295,"Energie"
2023-04-01,152.865497076023,"Giet_beton"
2023-04-01,116.068052930057,"Looncomponent"
2023-04-01,139.163498098859,"Materiaalcomponent"
2023-04-01,164.394448979592,"Pre-cast concrete products"
2023-04-01,143.861078838174,"Ready-mixed concrete **"
2023-04-01,118.77461248429,"Reinforcing steel"
2023-04-01,119.316715542522,"Reinforcing steel bars"
2023-04-01,118.232509426058,"Reinforcing steel nets"
2023-05-01,127.946768060837,"Bouwkosten totaal"
2023-05-01,116.17873651772,"Construction steel"
2023-05-01,118.939984411535,"Diesel"
2023-05-01,160.296524501781,"Energie"
2023-05-01,152.865497076023,"Giet_beton"
2023-05-01,116.398104265403,"Looncomponent"
2023-05-01,138.185255198488,"Materiaalcomponent"
2023-05-01,114.693757855048,"Reinforcing steel"
2023-05-01,114.842228739003,"Reinforcing steel bars"
2023-05-01,114.545286971093,"Reinforcing steel nets"
